Neighborhood,Year,Jan,Feb,Mar,Apr,May,Jun,Jul,Aug,Sep,Oct,Nov,Dec
Skyland,2017,428566,432833,439366,444500,445350,443900,449650,450650,449866,455100,461666,473500
Skyland,2018,464950,469150,467416,472933,479133,475883,479283,487383,488650,492066,491400,495950
Skyland,2019,495333,502450,502450,506366,497883,499416,497300,491516,496883,499016,503233,503400
Skyland,2020,507383,510800,518000,520266,519233,519450,519666,520250,602083,605583,595533,590166
Skyland,2021,590783,612000,637850,667800,711400,664566,625283,599016,587016,589650,591183,593466
Skyland,2022,601866,608300,672633,686000,680300,706883,688000,788566,742750,709933,689700,0
West Colfax,2017,206057,213900,211042,211957,211857,214485,212700,215500,217428,223514,223371,228171
West Colfax,2018,222757,227900,235471,240971,236685,241242,241757,243085,241628,244900,240285,235228
West Colfax,2019,242314,234557,240000,238242,236785,240285,236114,246457,318914,401957,387242,388471
West Colfax,2020,396828,388785,386942,389100,392400,392714,389628,398371,340771,341785,346057,350257
West Colfax,2021,350900,355357,368028,369728,383157,403857,400814,324442,321928,324085,324657,326785
West Colfax,2022,329700,337614,359628,371171,450000,441157,425285,424685,422142,587800,588871,0
University Hills,2017,244890,246150,253200,254940,255120,255560,251440,248090,253580,257320,263270,263640
University Hills,2018,309010,313510,323710,325170,326230,326600,325570,325940,328400,332290,331580,337290
University Hills,2019,335060,335040,333610,334020,343320,344150,341360,337360,334620,327920,328540,331460
University Hills,2020,338210,340510,345630,347590,349890,407010,353490,356960,413430,416750,421410,425790
University Hills,2021,430940,435090,438320,452440,462880,461350,459310,451770,447840,449530,454010,455400
University Hills,2022,461340,471800,501150,514640,539970,541440,537270,659720,808240,781350,770650,0
Washington Virginia Vale,2017,343220,347390,355700,359180,360910,363770,364420,365580,368020,369290,372840,376710
Washington Virginia Vale,2018,396560,410580,405610,403490,408010,406350,410450,411740,402280,401110,398810,401000
Washington Virginia Vale,2019,406220,403150,402320,403210,401830,401950,401900,403200,403190,401430,402260,405760
Washington Virginia Vale,2020,408610,415100,416920,419170,419610,421460,428840,430290,390390,394680,403200,410030
Washington Virginia Vale,2021,415900,418300,422540,435870,526110,511170,507980,486060,481760,494300,497570,501360
Washington Virginia Vale,2022,507750,526620,563160,573550,581310,564940,548700,660330,607540,640290,633210,0
Country Club,2017,1773760,1777380,1800680,1801100,1825080,1802420,1777980,1773560,1775320,1779280,1783460,1864200
Country Club,2018,1862500,1864800,1928740,1949700,1933380,1893960,1817920,1780540,1764000,1742000,1763140,1784340
Country Club,2019,1782480,1784020,1786900,1803700,1763860,1780460,1802260,1779360,1786040,1765200,1762980,1760700
Country Club,2020,1783880,1783100,1803340,1803160,1803600,1823120,1821480,1822840,1925560,1916760,1876640,1918520
Country Club,2021,1901100,1944240,1947620,2020740,2071460,2173620,2238960,2219040,2219160,2241900,2263640,2285840
Country Club,2022,2308220,2332820,2440000,2480000,2600000,2780000,2695300,2632420,2650500,2590420,2575000,0
Rosedale,2017,428500,437600,451150,456050,461900,465450,466450,465250,464550,457600,455350,460650
Rosedale,2018,455750,458700,485000,483150,490850,487850,490900,487600,482900,484050,484800,491500
Rosedale,2019,489450,492150,491850,491900,489100,509050,507900,500400,498700,498350,497600,499500
Rosedale,2020,499650,505500,511050,510450,511100,515450,515850,519650,519700,528250,537700,544150
Rosedale,2021,552350,557750,562350,582850,600150,613150,614150,598450,591800,593450,595300,600400
Rosedale,2022,610550,624350,677900,704150,698100,682000,656850,635300,647300,615950,593950,0
Clayton,2017,339980,344680,351690,355470,361620,360850,363730,363170,366330,369280,373040,376600
Clayton,2018,376440,379210,393150,398760,400190,402870,402990,408260,407650,409520,413830,417810
Clayton,2019,417680,417750,416680,417650,416940,414910,417790,416820,425110,432240,433560,434820
Clayton,2020,440230,441380,444440,446150,445270,431830,430980,431760,433710,444280,448200,455020
Clayton,2021,458940,466010,465330,493230,520070,514300,503440,489110,483550,484700,485600,485040
Clayton,2022,490870,503620,542240,559460,560360,500350,487240,475420,461410,477900,473550,0
Valverde,2017,252350,256700,262150,258700,262300,263150,262150,262800,264100,266950,270650,275050
Valverde,2018,269600,273050,282100,286700,285750,285500,287700,292700,295600,297200,298750,300650
Valverde,2019,299800,304250,304950,306950,306350,306600,305700,307900,302400,311300,321150,331400
Valverde,2020,340300,340600,343400,347850,399950,404900,398800,399300,401150,410400,412400,412850
Valverde,2021,419200,425250,430100,439000,448650,442150,442700,435800,433050,438450,401500,464700
Valverde,2022,429600,461550,525400,540600,483550,464600,480500,469200,466450,531050,519650,0
Congress Park,2017,692757,709614,719828,719392,718521,727357,724957,713128,724342,718042,727085,724914
Congress Park,2018,722278,732357,756942,759892,759550,758828,769200,769892,773000,774714,776235,776814
Congress Park,2019,779114,780642,774150,783171,777478,778028,774564,782621,769892,776428,777128,781714
Congress Park,2020,784800,784607,786921,787707,785692,787564,789114,782707,809378,814207,810257,815114
Congress Park,2021,827707,845764,855778,895757,915478,923257,932750,901321,897242,901114,905164,916985
Congress Park,2022,929521,965642,1016221,1049071,1066785,1090200,1048364,1005764,1029828,987957,980800,0
Mar Lee,2017,263430,271790,278010,278660,280240,285990,287210,289530,291040,293810,295400,300210
Mar Lee,2018,305100,307510,313720,317700,323620,325010,326750,328810,329230,326610,329500,329870
Mar Lee,2019,332960,334380,333340,335300,334280,331640,332690,332920,334100,334550,334580,336510
Mar Lee,2020,338390,341350,345570,347470,346250,347360,346070,347130,352790,358700,363760,366960
Mar Lee,2021,371410,378450,386280,409410,418620,414060,409200,399800,395540,397190,397790,397240
Mar Lee,2022,401050,407460,445820,464990,468210,460100,458440,452660,447290,459070,466190,0
Globeville,2017,257980,263320,268060,269460,285540,289880,290400,294660,297620,300680,300660,304520
Globeville,2018,305920,308980,299800,307780,312240,310520,313300,320480,322940,322420,327440,318860
Globeville,2019,316320,321660,326040,325860,321880,320540,315140,314780,326760,328340,328860,328620
Globeville,2020,329000,329600,332500,333720,335700,338360,338520,337680,336480,335020,338460,348260
Globeville,2021,359180,367340,372780,390440,400040,384520,373580,364180,362020,362820,362960,363860
Globeville,2022,367880,373500,404840,421560,430020,424760,414500,404580,394320,415100,426740,0
Sloan Lake,2017,579075,588637,598787,601562,602775,618150,618825,617762,605037,623512,627212,633450
Sloan Lake,2018,626262,631237,633437,634687,634937,638475,642600,642562,641850,641787,640725,654112
Sloan Lake,2019,640537,640150,639550,653012,638862,638900,636062,631787,638525,638975,639150,642175
Sloan Lake,2020,658162,666837,663850,665937,675725,681675,667487,668025,685687,699800,698550,700925
Sloan Lake,2021,708362,716525,734387,775512,786462,826312,853675,847500,844812,847387,848662,878537
Sloan Lake,2022,909187,919750,995750,1017650,1292350,1258487,1110750,1140700,1186887,1123612,1127975,0
Overland,2017,262000,264575,266175,265050,283300,288500,283550,285675,299575,298600,297550,299475
Overland,2018,297900,298100,322275,325725,327700,328275,323300,327350,325375,329900,328550,328350
Overland,2019,329725,330150,333225,334400,330425,337350,337500,337125,345550,343150,339175,335250
Overland,2020,336175,342175,344275,344950,346550,348450,347200,350050,358950,361275,363675,370900
Overland,2021,380050,386325,392675,412225,421600,426100,426350,418125,415375,417450,418125,419725
Overland,2022,422825,433025,469350,485225,489300,481750,527750,503500,473650,441925,440225,0
Indian Creek,2017,380250,382500,392175,389925,387525,386050,389350,393000,395550,395650,397200,396875
Indian Creek,2018,397925,401000,405725,407625,411050,409250,408725,401900,405100,403975,406475,413075
Indian Creek,2019,413450,414200,411250,409550,404300,404075,408975,405725,404425,402475,400050,399825
Indian Creek,2020,401550,404450,409025,411925,407400,408875,405050,404275,428975,434525,432900,435000
Indian Creek,2021,440275,441650,449425,472750,477700,482875,483925,477050,474800,481100,485250,488900
Indian Creek,2022,494925,504575,535600,549725,550550,541250,528325,516800,510750,526950,542025,0
Barnum,2017,241220,242140,245520,245240,247840,252040,256580,257040,259780,260100,269440,279100
Barnum,2018,281100,285300,295120,301260,304040,307040,306300,308920,301880,302480,303720,301200
Barnum,2019,300500,309920,310560,309420,312140,319180,318380,315840,318240,317840,321080,324860
Barnum,2020,327800,331000,333640,336340,339280,344740,346240,346880,356200,362360,351620,357240
Barnum,2021,360280,373100,378900,396180,407440,401000,393040,383080,379960,381280,382140,385060
Barnum,2022,392640,395660,419420,473920,488600,475680,459360,452240,464920,448400,437080,0
Fort Logan,2017,483346,498107,508230,509346,510469,510592,509538,505046,497446,497923,501938,504046
Fort Logan,2018,503876,503746,519123,525400,528015,525915,528461,533553,543207,544584,547292,543446
Fort Logan,2019,545353,545253,539615,543892,523692,532346,533246,532169,578169,577538,579438,580846
Fort Logan,2020,583430,586800,591161,591861,591292,593123,603523,605492,619238,631923,639815,642315
Fort Logan,2021,648223,659946,660092,694861,724107,733907,978161,956346,922807,935153,938115,949769
Fort Logan,2022,965823,985576,1043161,1046807,1084384,1074784,1040215,995676,1000184,994846,996776,0
Lowry Field,2017,906800,940733,926583,912283,898683,900350,928533,942583,944083,962533,963683,963816
Lowry Field,2018,967400,966616,982550,957683,944800,944033,945433,946150,950283,951866,968683,970800
Lowry Field,2019,970150,969233,970933,971650,970250,971483,971516,974433,941266,941583,942316,942900
Lowry Field,2020,943666,946016,949816,968616,985983,949766,950333,950516,966966,1024433,1043133,1042133
Lowry Field,2021,1043166,1046216,1047283,1091816,1143666,1132450,1150250,1130816,1146766,1148633,1150333,1170866
Lowry Field,2022,1206866,1229433,1309733,1332150,1450100,1408766,1383183,1358516,1331933,1464850,1458866,0
Montbello,2017,261126,264866,271920,274533,277066,277840,277980,278020,279260,280793,285200,287680
Montbello,2018,288606,290680,298780,304360,306873,311173,314560,316673,318160,320093,320300,322173
Montbello,2019,321813,321320,320613,321286,321026,322033,322040,323306,327153,326793,327553,328766
Montbello,2020,330973,335206,339520,342553,343860,347226,349606,351906,356560,362093,366346,368753
Montbello,2021,374713,377346,381060,398113,405440,410706,409400,402760,395026,398093,399546,402206
Montbello,2022,407066,414313,443766,459446,464513,457120,448633,439813,439593,459900,454993,0
Barnum West,2017,267420,269100,280920,281840,285660,287640,288700,295420,302200,301200,302540,301240
Barnum West,2018,300040,303760,302880,312260,317380,323340,324740,326700,320920,323640,320580,322860
Barnum West,2019,323520,324340,326960,327700,329480,328260,329180,323980,332640,331220,332200,332320
Barnum West,2020,334700,339020,340440,341180,341320,342580,342560,343000,348820,356460,357360,362340
Barnum West,2021,367280,375500,387180,405580,411880,405260,397100,385080,380800,381080,381660,382980
Barnum West,2022,388140,399500,436260,451180,455820,457080,446260,436920,435600,418120,415360,0
Washington Park,2017,1654525,1677493,1676350,1717637,1681012,1687512,1710925,1725350,1735775,1700306,1710393,1677500
Washington Park,2018,1731306,1716281,1748306,1782875,1784062,1788800,1778156,1785237,1790006,1806881,1834581,1830812
Washington Park,2019,1818275,1807031,1790406,1792781,1773325,1768918,1784200,1804606,1776893,1769268,1756875,1746875
Washington Park,2020,1736593,1737912,1761825,1765618,1773650,1778825,1794275,1799468,1793825,1814025,1835156,1850512
Washington Park,2021,1866587,1893012,1898937,1976700,2029575,2128506,2153681,2114256,2119825,2132937,2171075,2184268
Washington Park,2022,2235950,2275806,2487043,2569812,2597768,2734037,2690568,2617381,2689218,2874281,2936931,0
Hale,2017,475883,489175,500666,502516,506275,508691,505716,507075,512425,512166,518341,521333
Hale,2018,526066,527033,523175,528000,529450,532291,537558,536591,537708,538200,538341,540291
Hale,2019,540383,541050,540016,541616,540316,538408,539125,541525,544966,547950,546508,546266
Hale,2020,544875,548216,552391,554050,552608,553783,550891,553041,573600,578483,584433,584858
Hale,2021,594675,603008,611858,639875,659191,659141,630116,613750,608650,612941,618858,625225
Hale,2022,636475,651183,702975,716450,718883,703491,683983,694116,703008,711041,763558,0
Hampden South,2017,297809,301952,308976,308780,309600,310423,314842,313814,311461,309547,312633,312500
Hampden South,2018,314747,316757,326828,331090,331647,332819,334719,333309,333366,338123,336442,332561
Hampden South,2019,334976,334671,333123,333733,333419,333009,334876,335747,330785,329242,328090,329728
Hampden South,2020,331004,333166,352095,349114,372933,370614,384285,386719,351880,373276,408423,409623
Hampden South,2021,414047,420895,429123,441900,453095,460428,463242,455757,453023,461957,464276,470009
Hampden South,2022,477409,490580,521871,543857,540719,527738,509333,492852,495328,513128,518866,0
Platt Park,2017,544950,561541,566483,568533,563525,564158,575233,574650,576033,580375,580900,572533
Platt Park,2018,580825,585408,587491,596758,596133,604608,605766,613708,610325,607991,607883,628816
Platt Park,2019,636000,633741,635233,636383,638725,629600,628458,631441,646908,644241,638975,651258
Platt Park,2020,646050,654491,662216,666658,664450,682025,696283,689825,709600,716958,711016,718200
Platt Park,2021,723641,735733,731708,782391,803233,849783,866075,850933,849783,849041,869841,871150
Platt Park,2022,881075,902516,946433,973408,985025,987825,937000,915125,896375,943375,947633,0
Hampden,2017,306194,310126,314852,312442,315600,315784,313800,313126,313026,314505,315931,318847
Hampden,2018,317268,319431,320736,321257,328678,329221,330494,332510,334500,334821,336136,337968
Hampden,2019,337668,339473,342221,342578,344905,347215,348636,346373,345110,345021,347368,349242
Hampden,2020,349810,353068,357210,357321,363773,364505,360826,360236,363542,369821,372405,377273
Hampden,2021,380289,386268,390036,410784,421747,423757,421610,410705,407763,413778,418600,421573
Hampden,2022,430473,432973,471068,487526,490252,484047,473778,472273,472494,480589,480621,0
City Park,2017,451700,457700,478500,467300,467000,482200,453300,450000,468100,478700,479400,481100
City Park,2018,470500,472200,472200,473600,477600,477100,475400,497800,513500,529500,537800,536300
City Park,2019,539800,532900,530200,524300,518200,516000,519900,509100,460500,463700,465800,467500
City Park,2020,475600,471000,478200,478300,481800,477800,478400,482100,493800,494500,520300,540800
City Park,2021,546000,547200,557200,575900,598300,599400,594700,573300,554400,556100,554700,555300
City Park,2022,571000,582300,570700,643500,654100,656300,652700,644500,950000,884400,889600,0
University Park,2017,886661,912200,920261,914961,911411,918455,923238,918605,928177,929305,945350,944550
University Park,2018,1006016,1013283,1039727,1071533,1045261,1042288,1047811,1053972,1077816,1071777,1068844,1113538
University Park,2019,1103683,1110338,1102727,1083038,1090388,1090038,1085788,1096755,1084688,1084388,1080188,1081633
University Park,2020,1083300,1095711,1106877,1112655,1099594,1087388,1098800,1093794,1095155,1108894,1125350,1144161
University Park,2021,1261744,1295133,1331500,1385705,1381916,1412411,1429072,1390927,1389816,1429833,1469688,1482661
University Park,2022,1524438,1547461,1696894,1730711,1751383,1764388,1941516,1908572,2014522,2027100,2006427,0
Virginia Village,2017,344691,350316,356525,358783,364100,367633,367475,371641,372683,375391,378050,382075
Virginia Village,2018,376950,375075,389616,390916,395383,394116,398691,399641,401633,405016,404450,408091
Virginia Village,2019,407716,406075,408000,417225,416733,413266,411425,411925,407483,407983,408425,410708
Virginia Village,2020,414258,416083,418741,418566,418408,420233,417300,419008,422600,432675,438700,445925
Virginia Village,2021,449575,455791,465133,496666,508875,511700,511891,499983,494416,496366,498666,505091
Virginia Village,2022,512583,524958,566258,583266,573725,584266,560208,616983,638058,626800,619191,0
Cherry Creek,2017,1745131,1769757,1771831,1769394,1750005,1745663,1700026,1708526,1729568,1717668,1736331,1763510
Cherry Creek,2018,1702331,1712226,1786500,1837836,1873357,1882547,1879705,1893926,1880768,1919731,1903421,1832610
Cherry Creek,2019,1860973,1855178,1825105,2254805,2310000,2310089,2283715,2294568,2329142,2328189,2333500,2344757
Cherry Creek,2020,2371347,2367794,2407452,2408384,2019036,2252442,2284484,2283963,2013078,2034605,2514689,2521984
Cherry Creek,2021,2534394,2567915,2578278,2640484,2665526,1963578,2636552,2616552,2390094,2593263,2611042,2644994
Cherry Creek,2022,2668826,2725026,2982184,2995500,3005126,2971273,2908484,3000542,3267973,3290468,3347731,0
Cole,2017,433900,442525,456425,455925,456275,464200,468350,470875,476100,479250,475300,484650
Cole,2018,464300,464200,483450,482900,485800,491200,498600,501600,501750,501275,500550,512500
Cole,2019,504700,506575,506950,516075,516400,515475,512425,524300,520375,521550,521425,521775
Cole,2020,518050,516575,525075,528950,527800,535700,528225,527825,505725,566000,566525,572475
Cole,2021,579275,584125,591425,618750,629850,612625,597125,579375,571925,574450,574150,573600
Cole,2022,582950,595025,643100,665225,676400,654600,612900,645800,671000,682275,675700,0
Villa Park,2017,271160,274150,282940,284050,290300,293710,305450,305800,305460,308220,310990,319190
Villa Park,2018,314290,319780,333450,336790,338340,342850,345290,347240,349010,349280,348370,349960
Villa Park,2019,348580,356160,364010,366000,364490,367680,371530,376280,370160,368760,373140,373270
Villa Park,2020,374850,369500,366790,367860,365970,370560,371140,376020,385080,394340,395210,397010
Villa Park,2021,402700,408450,421290,435560,448100,450610,448400,438820,434450,444690,446990,445810
Villa Park,2022,454990,463190,502910,517600,520640,521020,453120,438960,436750,503980,543860,0
Bear Valley,2017,317385,322314,328914,330142,331971,335242,335142,335557,344542,346228,346200,349657
Bear Valley,2018,349485,350728,359800,362200,365514,364385,362285,365014,366514,366657,367785,370657
Bear Valley,2019,369042,371300,369814,372385,372585,373642,375214,375300,375900,374171,372828,373228
Bear Valley,2020,375114,378557,383728,386771,388157,389571,390571,391785,398957,403928,407485,411485
Bear Valley,2021,417385,424585,430042,455800,463714,459985,456100,444657,441871,444100,445757,446885
Bear Valley,2022,453128,459114,499228,520157,521200,513442,498342,495928,483057,481571,474671,0
Capitol Hill,2017,293470,301014,305462,306925,313370,318700,317992,317281,317974,318366,321103,326729
Capitol Hill,2018,370618,424177,415259,421274,423074,429744,429388,430000,435411,436722,437074,436051
Capitol Hill,2019,430566,433666,433077,437292,434918,435896,436229,439122,460062,460281,448388,444500
Capitol Hill,2020,444974,445011,454692,452322,451577,452496,452911,452685,491996,500255,465629,466888
Capitol Hill,2021,479459,483870,493214,684014,667429,642596,576348,564648,558833,528429,525162,529455
Capitol Hill,2022,528292,481033,542285,540177,546385,494262,480211,575759,668185,695818,694022,0
Lincoln Park,2017,338250,342800,349950,349650,352633,355933,357100,358316,361916,364000,368116,369916
Lincoln Park,2018,364633,368600,374483,380000,394950,394400,397300,399366,400166,398516,400250,403433
Lincoln Park,2019,403300,402600,400750,403383,401550,399650,391366,391183,388900,387983,388300,390466
Lincoln Park,2020,392650,394633,396466,395716,394350,397083,396833,396033,399033,401816,403716,406583
Lincoln Park,2021,409583,411800,412600,423250,427450,438600,457950,450350,448566,451233,452500,454166
Lincoln Park,2022,457600,467533,495366,508300,508466,501366,486533,474466,470183,462750,461500,0
Montclair,2017,520500,528128,532214,530414,536700,535985,538028,534028,534785,533614,534814,539614
Montclair,2018,537228,536457,568471,587142,582814,583400,582828,586485,584114,584071,585800,585028
Montclair,2019,581928,582000,573971,579314,579200,582442,583528,585014,589371,734742,736228,737757
Montclair,2020,742742,748171,754800,758857,756300,842157,855671,858485,867042,875128,880771,886171
Montclair,2021,1059000,1064271,1067900,1130214,1156014,1243000,1255828,1234371,1231271,1259957,1260971,1278228
Montclair,2022,1281071,1313542,1401242,1422557,1431785,1415614,1353357,1288157,1330285,1278685,1362328,0
Marston,2017,365500,370366,375822,378555,384133,386233,384511,385588,384955,386133,389644,394611
Marston,2018,393355,394088,400155,405855,411055,407911,409300,412188,415355,415422,418355,422355
Marston,2019,425400,424222,422177,424311,422600,424822,425033,419177,418555,418177,418977,421833
Marston,2020,424422,427511,435455,440211,439933,443177,442455,443355,443955,455255,461244,466511
Marston,2021,475144,474000,479433,509588,518766,536755,538666,530033,528200,532622,537677,544766
Marston,2022,553811,570322,612088,623366,620333,610100,592222,566733,566022,554944,561600,0
East Colfax,2017,285554,290254,298527,302063,308227,312127,309972,311090,310936,311172,315463,318709
East Colfax,2018,319672,313763,321963,336045,347718,351227,352627,353690,357027,361390,356745,358745
East Colfax,2019,362754,364981,365845,371172,366427,365572,365581,367309,368954,367863,367963,371272
East Colfax,2020,373436,376981,379736,381745,382400,382618,380890,383045,390372,395545,402036,407100
East Colfax,2021,409954,413490,417818,435372,446827,470481,467609,455972,451163,449045,450845,453263
East Colfax,2022,458690,469009,497736,510163,510036,500209,486290,479600,476072,491100,508718,0
South Park Hill,2017,642330,667390,666640,665990,667410,673630,674540,672120,670320,662340,676270,681960
South Park Hill,2018,680040,684790,701780,705490,714030,714230,712500,711690,712670,716160,722810,717050
South Park Hill,2019,732470,720490,713730,714550,712130,715630,716720,713900,719700,720630,723630,726570
South Park Hill,2020,731880,736150,740220,752440,752930,755800,755700,759340,770370,786240,781470,787430
South Park Hill,2021,802640,810280,815930,849910,863340,878860,886830,854720,851320,858000,865090,878110
South Park Hill,2022,874240,925060,987650,1383810,1376980,1375210,1254630,1247450,1257100,1450820,1443470,0
Speer,2017,524727,531711,540511,543561,550416,552700,547700,546644,556227,557950,561255,566333
Speer,2018,565577,559272,565750,569505,573622,574672,574683,578350,582266,584255,583244,584494
Speer,2019,587133,585822,585000,585683,582666,581111,578972,582444,584305,577688,576600,585377
Speer,2020,588183,589855,595183,595311,591827,591822,590516,589944,597433,604811,596544,599477
Speer,2021,601522,631794,639950,654127,674594,681472,681350,666055,668705,674716,676016,679427
Speer,2022,689072,693438,737438,750522,763216,795977,769377,773900,768350,777922,785772,0
Harvey Park South,2017,360450,363950,369200,370275,373900,379900,376925,381000,382750,383675,390025,397150
Harvey Park South,2018,397500,396100,414100,419500,426225,423575,429275,427475,431450,428275,430500,433825
Harvey Park South,2019,434150,433225,437325,436275,429800,433650,437025,439325,439350,439175,441900,444650
Harvey Park South,2020,445225,445150,447450,447250,451000,455200,458575,458875,465025,472850,477875,487150
Harvey Park South,2021,491375,495125,500150,523150,539075,536425,534675,519625,514475,518725,519750,522225
Harvey Park South,2022,528250,535950,581150,605475,611700,602550,582175,568000,567650,624625,621750,0
Harvey Park,2017,299568,304618,313093,316375,318356,321306,321850,323118,324475,326987,330900,333831
Harvey Park,2018,334950,337693,343050,347281,349650,349450,350662,352300,351350,352825,353575,355868
Harvey Park,2019,355925,354675,353443,354806,355943,356412,359050,360200,359106,359243,359431,359956
Harvey Park,2020,362200,364581,368762,372775,376818,377975,378093,379687,385237,390031,396825,402112
Harvey Park,2021,408218,414475,419275,443900,459993,458718,457881,448531,445431,448831,449793,452268
Harvey Park,2022,458100,468681,502993,521043,522418,511468,499762,486487,496881,493431,500693,0
Baker,2017,389645,394163,401845,405954,411636,412945,412690,412972,414463,415009,417027,419554
Baker,2018,420672,424963,427009,434527,439363,443500,446072,444290,448254,450981,454454,458727
Baker,2019,460536,460254,458190,458000,456581,457809,452636,454200,469509,467709,466281,467563
Baker,2020,472836,477281,476645,478845,477136,478990,479063,479009,489863,495072,502472,502254
Baker,2021,505445,509454,516290,541354,557836,562663,563236,551990,546936,546200,546736,549709
Baker,2022,554436,568027,602545,626090,627754,611090,589545,625009,610181,622963,602900,0
City Park West,2017,381080,387400,392280,396180,400400,403480,400700,399640,395000,390420,387080,391420
City Park West,2018,388260,391160,404460,409520,407160,413020,416760,416900,414400,409120,410760,413220
City Park West,2019,418820,416640,418260,420800,417300,417320,415200,416140,418680,418600,416200,415700
City Park West,2020,419480,421680,423400,428000,428700,428040,428740,429640,542800,444920,444620,449080
City Park West,2021,450260,457180,461520,492600,507480,512280,508480,490980,485920,402440,403380,407140
City Park West,2022,411260,419280,449340,457940,481620,456200,446640,432140,535740,541720,628500,0
North Capitol Hill,2017,434850,438300,444550,440775,446100,447925,449475,451975,457325,459100,463250,464225
North Capitol Hill,2018,480775,490925,473750,475600,480575,481200,485025,488525,492250,495175,494725,492575
North Capitol Hill,2019,490650,487800,480700,475650,466375,464050,463925,456125,462050,462375,463275,464950
North Capitol Hill,2020,467100,469525,474925,481150,479675,481900,481275,478675,477275,478075,486250,488650
North Capitol Hill,2021,491275,495650,497400,472875,483750,502200,510900,507425,511250,518150,522250,526425
North Capitol Hill,2022,529525,544450,570525,578800,581900,575150,560425,601325,602125,591900,583975,0
Sunnyside,2017,320890,323770,332080,334190,333840,333330,328450,326480,329670,328350,332580,334840
Sunnyside,2018,339170,344380,339510,341060,343140,345490,349700,344580,345040,350120,351630,355870
Sunnyside,2019,358380,356300,359320,358400,356980,353940,358040,358720,403160,403110,403350,405280
Sunnyside,2020,407380,409240,413200,416160,416930,438190,434880,433760,438450,441180,447170,452460
Sunnyside,2021,458790,465240,609440,628030,643000,664540,673750,665450,661630,676530,680780,688060
Sunnyside,2022,693090,709600,757050,770210,769010,757000,738440,866240,855400,906260,895190,0
Wellshire,2017,472275,477225,481500,478800,483725,487675,489725,495450,498300,496950,498750,499275
Wellshire,2018,493250,495150,509075,509800,511200,511450,512875,509900,501450,504850,511875,517950
Wellshire,2019,523525,524400,514600,520950,516275,517175,522000,525500,531050,530800,529550,528200
Wellshire,2020,527175,529600,544725,536125,536250,547175,542900,574725,577950,564425,569275,579375
Wellshire,2021,584600,594350,602525,631675,673075,696900,706125,694800,692050,694650,698150,702200
Wellshire,2022,712300,773925,824125,914625,941150,908325,892150,880200,976300,1049375,1025750,0
Hilltop,2017,1105690,1105210,1145460,1152970,1165170,1180210,1171800,1166100,1167470,1172930,1173980,1179000
Hilltop,2018,1161570,1165390,1189350,1207830,1208430,1218300,1210960,1205240,1194180,1197000,1199920,1193630
Hilltop,2019,1200380,1108470,1103150,1099390,1089030,1124390,1115770,1122980,1191000,1191140,1274670,1266160
Hilltop,2020,1265130,1261830,1264320,1257780,1260240,1370160,1283840,1278350,1391600,1402300,1397830,1435220
Hilltop,2021,1457420,1470510,1483970,1553960,1568840,1507990,1477580,1474920,1474990,1505190,1515370,1525560
Hilltop,2022,1575690,1586450,1726040,1970000,1950000,1880000,1838380,2074970,2085000,2199990,2134090,0
Regis,2017,420566,386466,396866,395466,446466,454233,449433,447866,443500,460200,464500,463033
Regis,2018,462866,470600,470900,481666,483500,485433,487866,486966,491800,492700,492400,500766
Regis,2019,499466,498766,503233,499400,506033,509866,508866,515766,539233,539866,544966,549200
Regis,2020,552166,552766,564666,567166,558566,542500,535166,530800,526266,529666,544500,549433
Regis,2021,553433,557133,560800,585433,598433,626200,638766,630766,627333,633366,636533,643766
Regis,2022,653566,673033,721833,746633,751766,733466,706766,688233,672800,621333,627666,0
Auraria,2017,1500000,1500000,1400000,1500000,1500000,1400000,1400000,1400000,1400000,1400000,1400000,1400000
Auraria,2018,1400000,1400000,1400000,1400000,1400000,1400000,1400000,1400000,1400000,1400000,1400000,1400000
Auraria,2019,1400000,1400000,1400000,1400000,1400000,1400000,1400000,1400000,1300000,1300000,1300000,1300000
Auraria,2020,1300000,1300000,1300000,1300000,1300000,1300000,1300000,1300000,1400000,1400000,1400000,1400000
Auraria,2021,1400000,1400000,1400000,1500000,1600000,1700000,1800000,1800000,1800000,1800000,1800000,1800000
Auraria,2022,1800000,1900000,1900000,1900000,1800000,1800000,1700000,2700000,2700000,2700000,2700000,0
Whittier,2017,529875,535950,539875,541125,549450,558250,557550,561925,562125,563025,558650,565050
Whittier,2018,621800,621000,648850,672775,671800,701800,709625,710275,711825,721925,714575,724000
Whittier,2019,723700,729775,731850,729675,729825,720125,721575,720400,697450,694975,701700,705800
Whittier,2020,711650,715575,725875,728700,729075,729200,732625,741600,748050,754200,768100,776675
Whittier,2021,778950,781275,785925,839350,858675,857125,851600,831650,821375,846200,845000,840825
Whittier,2022,836575,845450,913725,971500,972700,918125,884450,849725,845775,920175,911250,0
North Park Hill,2017,434191,444425,450658,449958,455525,456733,459741,459250,461866,465033,471250,481425
North Park Hill,2018,478158,477816,492458,495033,498341,499808,503950,506166,506008,510808,513941,520808
North Park Hill,2019,524708,526658,526250,531000,523016,523208,518291,516808,516375,517733,517691,519300
North Park Hill,2020,524808,530091,541416,539166,540333,541583,540633,543883,555341,564175,567541,576933
North Park Hill,2021,589083,594850,600991,632550,646591,646275,642483,626091,611191,618966,618975,622100
North Park Hill,2022,628175,638966,705858,725825,726708,851508,843350,816883,801400,800600,798741,0
Goldsmith,2017,275850,281150,282725,282600,287225,281025,284300,288325,287000,287500,292425,294075
Goldsmith,2018,284000,289250,302400,309750,313250,317300,319250,319175,320675,323050,324550,325125
Goldsmith,2019,322850,326300,327050,331250,328850,326025,325450,325650,326400,330075,328600,323750
Goldsmith,2020,324475,324400,326700,327100,333100,339625,344450,340400,341775,348200,354425,357825
Goldsmith,2021,359000,363325,366525,380425,389925,387700,389200,386300,388325,395000,396800,401250
Goldsmith,2022,407225,419625,446425,456325,456200,448650,436250,424450,434375,424825,408700,0
Berkeley,2017,491672,492890,502700,498809,492563,495036,498463,501445,503127,514381,517972,519654
Berkeley,2018,513409,520181,539418,546309,549590,554390,557881,555927,557236,561645,564318,573245
Berkeley,2019,573481,569990,569954,568600,566281,565127,569418,567390,560281,559081,560645,560781
Berkeley,2020,560290,563127,569518,571500,569081,572281,571563,573781,570945,583900,596245,597672
Berkeley,2021,603981,626227,632954,659218,675836,709954,715490,706881,701809,707854,714600,716472
Berkeley,2022,720754,747563,795190,813900,816727,815163,917654,893100,879545,958954,945881,0
Highland,2017,389130,402200,405730,410007,411238,410846,412069,415800,415230,413669,413353,415046
Highland,2018,447600,448169,470492,463415,462507,465530,466761,468030,470415,473907,469076,458115
Highland,2019,464184,459784,462700,458315,464730,462923,465361,459615,517123,517576,516100,518915
Highland,2020,519300,544884,546469,542800,548653,599192,521692,521461,552800,567000,614369,623300
Highland,2021,627092,631307,630092,680684,704292,751953,742630,771338,778776,786107,787484,798761
Highland,2022,822838,845069,839907,865753,873838,866807,841123,892738,962115,957576,995800,0
Ruby Hill,2017,274683,281516,290250,291833,296016,301116,301033,304966,309033,312000,313466,317016
Ruby Hill,2018,311450,314650,318583,322633,328000,331533,333900,336050,336616,336716,337483,337383
Ruby Hill,2019,339583,341233,343133,345450,333216,333016,333916,342583,360950,358766,358133,343583
Ruby Hill,2020,357866,360466,363266,363116,362550,365316,367533,368400,370583,376333,382266,386666
Ruby Hill,2021,392133,398033,404183,425200,435183,435583,436316,427016,425216,426416,426083,426933
Ruby Hill,2022,429516,437450,487366,508216,508083,498216,484383,472316,476733,458250,444533,0
West Highland,2017,432752,437847,450600,455110,457536,459115,446889,449105,449247,466368,470457,468352
West Highland,2018,470894,477931,456889,464400,467894,470926,491657,493626,495284,496457,505100,511252
West Highland,2019,517000,510284,510942,528947,528563,531757,530778,529884,516431,516510,516515,517915
West Highland,2020,521105,526836,531931,530005,532584,543968,538863,547200,553984,561678,546368,573784
West Highland,2021,579094,590015,665742,604863,621473,649942,641184,640021,641026,642631,656000,670173
West Highland,2022,679826,703384,753984,777547,890800,863415,920757,883252,880073,872057,937005,0
Union Station,2017,871555,877533,879161,884177,871794,895133,883972,879538,880233,871855,882538,890777
Union Station,2018,914272,910388,964900,975311,984588,985694,980416,975783,993027,988777,992055,1000294
Union Station,2019,993805,987483,987661,976827,980311,982172,981694,1006511,1247255,1247916,1249005,1249761
Union Station,2020,1246444,1304122,1314722,1324744,1328872,1332644,1306155,1284061,1340422,1342872,1378738,1392200
Union Station,2021,1325738,1427944,1440750,1480844,1501161,1469994,1445294,1440350,1422216,1319255,1332883,1335516
Union Station,2022,1350377,1601738,1625377,1630816,1709566,1705366,1592372,1555522,1609566,1651111,1659872,0
Civic Center,2017,405366,411800,418966,419966,422033,423433,419900,417233,418733,414966,420300,425266
Civic Center,2018,427400,433133,445766,451133,451533,454933,461000,463666,463366,464700,467733,474366
Civic Center,2019,472766,474000,469166,470066,468700,468100,465600,468700,454533,455433,456500,458133
Civic Center,2020,457600,455066,453866,454933,457266,452200,451966,452066,456966,460133,459366,455200
Civic Center,2021,461266,469366,473100,497366,511233,500766,492566,484533,483066,490533,493333,497100
Civic Center,2022,501766,510233,535733,544700,547833,542833,533800,524366,505600,485266,451333,0
Westwood,2017,223988,225122,229033,241655,244555,248733,250155,252722,254688,255833,254577,260644
Westwood,2018,261566,265566,270355,271988,272911,273544,277288,279277,281044,281733,282322,284133
Westwood,2019,285133,284544,283088,286566,286111,285066,287466,287544,287088,288788,291933,293455
Westwood,2020,294388,296022,297211,294644,295255,298700,301355,306077,306333,312933,320055,323588
Westwood,2021,327055,331922,340933,362444,354877,348388,358355,351911,349622,351100,359366,358677
Westwood,2022,359866,366033,393955,410033,422355,421444,409155,397988,389888,381822,371177,0
Jefferson Park,2017,293328,295257,299742,308614,312300,315314,313714,315900,318242,320300,327285,328885
Jefferson Park,2018,391542,396157,394357,400857,403328,401257,397185,398042,396500,400200,400228,399214
Jefferson Park,2019,401214,402028,406642,408528,404985,405185,404542,405714,485471,482428,480214,483300
Jefferson Park,2020,484171,484642,491014,493542,492514,484414,484842,485100,489014,493528,493528,496914
Jefferson Park,2021,502671,509257,511700,526785,538628,549900,551157,545300,545342,551985,556942,563742
Jefferson Park,2022,569728,587885,621542,632885,900642,918714,908828,854557,866571,861400,850042,0
Northeast Park Hill,2017,367700,375900,390500,387250,387500,385550,387250,391100,394400,397000,399100,401150
Northeast Park Hill,2018,396550,395650,406500,411350,410450,412150,412550,403550,399650,404700,408050,406500
Northeast Park Hill,2019,405750,408250,406050,407750,405300,403450,403650,415750,410500,410700,406950,404650
Northeast Park Hill,2020,406050,411200,417550,421850,424950,426850,422500,424100,425700,428550,439100,447100
Northeast Park Hill,2021,453000,459800,468250,499550,521500,504550,490950,476500,471100,472700,476600,479050
Northeast Park Hill,2022,486500,497400,544750,566300,564850,554700,537500,550300,530350,512050,525900,0
Belcaro,2017,643030,668570,680460,672050,676770,691200,693130,691120,688040,688070,689520,689560
Belcaro,2018,686160,678520,696250,709760,713010,714030,725480,729770,722870,734170,744270,740250
Belcaro,2019,759990,738000,739660,734670,741410,757620,749410,752360,796020,795180,794000,798650
Belcaro,2020,799390,815620,817900,820380,814240,1003570,1002040,999510,848040,856180,862890,871010
Belcaro,2021,882070,1066420,1062720,1091760,1135330,1145080,1156920,1149450,1157510,1158770,1169870,1183420
Belcaro,2022,1206530,1242010,1335110,1374380,1609580,1586060,1543230,1739870,1757520,1952860,1949520,0
Central Park,2017,461290,470816,478260,476430,477006,479940,479463,477790,479253,475540,479023,481770
Central Park,2018,519493,524816,529793,534573,537093,537486,537050,538033,542770,546420,545446,545983
Central Park,2019,550520,550033,549780,552796,551626,555763,554650,552316,555683,553346,552653,554016
Central Park,2020,555336,564020,587596,610370,605860,676680,613220,610653,676593,686370,691870,701283
Central Park,2021,706846,711273,723076,756596,770460,794323,803556,794633,793760,800050,811566,820916
Central Park,2022,831076,856083,909066,944110,950643,931570,910730,908863,906376,883506,870843,0
Windsor,2017,314822,319711,324144,325888,333922,336144,339188,337244,338444,341922,345344,347922
Windsor,2018,349622,351455,358177,358777,362800,366055,367455,362444,364988,368655,370511,372966
Windsor,2019,373222,369666,369800,370433,369644,368244,368366,365488,362977,362122,359922,361133
Windsor,2020,362733,364433,370033,375000,374744,373600,370411,370133,373188,379422,379688,388455
Windsor,2021,385322,392077,392355,412244,417400,435433,442422,437222,437177,442422,448055,453177
Windsor,2022,458688,472111,506600,517277,514011,508722,503655,489377,482711,495322,494988,0
Cheesman Park,2017,407611,410911,413977,414866,418100,418244,416644,417055,414988,417033,429333,421222
Cheesman Park,2018,437644,438777,451155,455366,459355,459722,463133,465977,464766,463655,477422,482144
Cheesman Park,2019,481188,481133,479166,464777,464444,475455,475088,473222,497111,496433,497177,498200
Cheesman Park,2020,498500,510677,514911,516622,517044,505988,516833,515388,513077,513944,473388,497588
Cheesman Park,2021,498711,510588,510600,543022,536766,535255,487744,475500,474877,476477,477466,479188
Cheesman Park,2022,480688,506933,526677,553255,554766,552100,525255,579344,601155,593088,584822,0
Athmar Park,2017,286987,292250,297650,299762,300812,302937,307500,311050,312862,313337,316950,320762
Athmar Park,2018,319100,323850,336862,340600,345512,347100,350525,355987,357325,365137,365262,368450
Athmar Park,2019,368737,368737,368700,368400,364237,365025,366487,362300,363275,362537,364200,366087
Athmar Park,2020,368950,372850,376387,377387,375212,376812,381375,384162,385125,392275,399837,405687
Athmar Park,2021,394800,399525,403012,424462,433887,433987,432875,424000,426512,432125,433987,436500
Athmar Park,2022,440300,448862,483600,499750,500212,502587,487125,472625,469125,476037,467325,0
Southmoor Park,2017,376200,376100,384280,383760,385620,388920,386900,389020,392960,393540,395460,400620
Southmoor Park,2018,395200,392600,404040,409280,408140,410480,414440,417080,415680,422640,412240,407320
Southmoor Park,2019,402680,406180,406300,405300,397880,397420,406520,404500,420800,417160,413700,414820
Southmoor Park,2020,417620,419180,427680,430040,425980,427020,427420,431540,460380,467620,468820,473940
Southmoor Park,2021,423600,430460,438920,466840,475300,465240,459180,448120,444200,447860,451100,455280
Southmoor Park,2022,478320,491540,528440,539980,526560,514140,466880,526140,526220,612760,608860,0
Chaffee Park,2017,297050,303175,312450,316375,323700,322850,323900,330600,331475,333100,338125,341125
Chaffee Park,2018,337550,341375,342325,353050,353475,353800,356325,352875,353875,350700,354100,354225
Chaffee Park,2019,357150,360725,360175,363150,360300,366800,364950,370450,352925,354000,359275,359350
Chaffee Park,2020,360550,364600,372750,373100,374700,369725,361500,361525,366325,378825,393550,401000
Chaffee Park,2021,408350,415375,419850,433650,447700,434450,420925,406275,400275,402200,404175,405550
Chaffee Park,2022,410100,416950,460400,482875,482850,485250,479700,471225,471100,533100,523425,0
University,2017,446890,454036,465300,463718,515072,506290,503672,510600,502254,502027,507481,504145
University,2018,509900,512190,513227,518490,520809,518109,517245,516363,518272,523145,525272,534763
University,2019,534854,533500,540290,540881,534672,539036,540481,540009,564827,555763,563963,565036
University,2020,569200,570272,576390,580509,580172,581036,582536,581490,575290,584554,608518,615009
University,2021,621054,637609,644809,682972,698263,705918,702354,692245,690827,695809,707572,711354
University,2022,730781,750490,801872,824863,929463,936009,900327,871609,848545,971654,951963,0
Five Points,2017,692830,709490,707940,709800,727850,741710,731830,738870,739610,731570,736900,730710
Five Points,2018,721930,714980,705740,715690,720880,706320,708310,713440,718680,719240,716200,720670
Five Points,2019,719710,738020,742600,751190,736060,733260,732860,731220,735210,742980,742190,743820
Five Points,2020,746480,750490,756900,771020,758290,773400,777380,778520,775350,803920,819550,839470
Five Points,2021,842280,848800,864170,909380,883570,892200,876800,898470,899990,904430,905950,910150
Five Points,2022,915790,939540,1015180,1032160,968090,981280,943980,970860,964890,987780,978320,0
Elyria Swansea,2017,98950,99450,102000,106800,111000,110200,112000,110350,112000,109950,112900,111500
Elyria Swansea,2018,115650,120400,120600,121800,121400,107550,107550,107500,123950,124800,127600,123500
Elyria Swansea,2019,124850,126850,131000,129650,132100,130450,131550,134250,118800,118900,120200,120350
Elyria Swansea,2020,118200,116300,113900,112400,108400,109450,111050,110300,258350,255600,263350,122950
Elyria Swansea,2021,121050,127300,135450,313100,146250,149350,151500,150850,149800,152200,152000,154000
Elyria Swansea,2022,156700,161450,339550,341950,341050,319350,318850,316100,347700,438950,439450,0
Washington Park West,2017,557083,561858,574458,575750,578666,579708,578666,581241,591116,590233,592725,593325
Washington Park West,2018,590333,592875,639725,649150,650650,653300,647633,647533,648775,648941,648366,653858
Washington Park West,2019,644925,642625,642966,644691,643133,634900,640350,631308,671816,669466,665966,665616
Washington Park West,2020,665258,685150,686516,690433,690191,692508,694183,695541,699675,677191,650833,664483
Washington Park West,2021,672508,680308,699391,723700,743841,765416,780208,771791,775641,785908,785366,795200
Washington Park West,2022,809416,830866,923641,916058,911225,903741,934591,907850,947158,1048533,1071316,0
